﻿track,time,key,value
0,0,time_signature_numerator,4
0,0,time_signature_denominator,4
0,0,time_signature_clocks_per_click,24
0,0,time_signature_notated_32nd_notes_per_beat,8
0,0,key_signature,Eb
0,0,midi_port,0
0,51840,set_tempo,413793
0,63360,set_tempo,3000003
0,63602,pedal,127
0,63660,set_tempo,1875001
0,63661,pedal,0
0,64560,set_tempo,3000003
0,64562,pedal,127
0,64620,set_tempo,1875001
0,64621,pedal,0
0,65280,set_tempo,500000
0,72000,set_tempo,599999
0,72120,set_tempo,666667
0,72240,set_tempo,857140
0,72360,set_tempo,1200000
0,72480,set_tempo,2399998
0,72960,end_of_track,-
1,0,key_signature,Eb
1,0,midi_port,0
1,72960,end_of_track,-
