﻿track,time,key,value
0,0,time_signature_numerator,2
0,0,time_signature_denominator,4
0,0,time_signature_clocks_per_click,24
0,0,time_signature_notated_32nd_notes_per_beat,8
0,0,key_signature,E
0,0,set_tempo,1424999
0,0,midi_port,0
0,479,set_tempo,1499999
0,480,set_tempo,1679999
0,959,set_tempo,1499999
0,960,time_signature_numerator,4
0,960,time_signature_denominator,4
0,960,time_signature_clocks_per_click,24
0,960,time_signature_notated_32nd_notes_per_beat,8
0,960,set_tempo,900000
0,2879,set_tempo,1499999
0,2880,set_tempo,1875001
0,3360,set_tempo,1968751
0,3599,set_tempo,1875001
0,3840,set_tempo,2025001
0,4079,set_tempo,1875001
0,4080,set_tempo,1968751
0,4319,set_tempo,1875001
0,4320,set_tempo,2062501
0,4559,set_tempo,1875001
0,4560,set_tempo,2006251
0,4799,set_tempo,1875001
0,5040,set_tempo,1312501
0,5279,set_tempo,1875001
0,5280,set_tempo,1968751
0,5519,set_tempo,1875001
0,5760,set_tempo,2025001
0,5999,set_tempo,1875001
0,6000,set_tempo,1968751
0,6239,set_tempo,1875001
0,6240,set_tempo,2062501
0,6479,set_tempo,1875001
0,6480,set_tempo,2025001
0,6719,set_tempo,1875001
0,6960,set_tempo,1593751
0,7199,set_tempo,1875001
0,7200,set_tempo,1968751
0,7439,set_tempo,1875001
0,7680,set_tempo,2025001
0,7919,set_tempo,1875001
0,7920,set_tempo,1968751
0,8159,set_tempo,1875001
0,8160,set_tempo,2062501
0,8399,set_tempo,1875001
0,8400,set_tempo,2025001
0,8639,set_tempo,1875001
0,8640,set_tempo,1968751
0,8879,set_tempo,1875001
0,8880,set_tempo,1687501
0,9119,set_tempo,1875001
0,9120,set_tempo,2025001
0,9359,set_tempo,1875001
0,9360,set_tempo,1968751
0,9599,set_tempo,1875001
0,9600,set_tempo,2062501
0,9839,set_tempo,1875001
0,9840,set_tempo,2025001
0,10079,set_tempo,1875001
0,10080,set_tempo,2100001
0,10319,set_tempo,1875001
0,10320,set_tempo,2062501
0,10559,set_tempo,1875001
0,10560,set_tempo,1838716
0,10799,set_tempo,967745
0,10800,set_tempo,1354843
0,11039,set_tempo,967745
0,11040,set_tempo,1161294
0,11279,set_tempo,967745
0,11760,set_tempo,870971
0,11999,set_tempo,967745
0,12000,set_tempo,774196
0,12239,set_tempo,967745
0,12240,set_tempo,774196
0,12479,set_tempo,967745
0,12720,set_tempo,774196
0,12959,set_tempo,967745
0,12960,set_tempo,870971
0,13199,set_tempo,967745
0,13440,set_tempo,1064520
0,13679,set_tempo,967745
0,13680,set_tempo,1161294
0,13919,set_tempo,967745
0,13920,set_tempo,1258069
0,14159,set_tempo,967745
0,14160,set_tempo,1354843
0,14399,set_tempo,967745
0,14400,set_tempo,1451618
0,14639,set_tempo,967745
0,14640,set_tempo,1500001
0,14879,set_tempo,1875001
0,14880,set_tempo,1781251
0,15119,set_tempo,1875001
0,15120,set_tempo,2062501
0,15359,set_tempo,1875001
0,15360,set_tempo,2025001
0,15599,set_tempo,1875001
0,15600,set_tempo,2025001
0,15839,set_tempo,1875001
0,15840,set_tempo,2062501
0,16079,set_tempo,1875001
0,16080,set_tempo,2062501
0,16319,set_tempo,1875001
0,16560,set_tempo,1687501
0,16799,set_tempo,1875001
0,16800,set_tempo,1968751
0,17039,set_tempo,1875001
0,17040,set_tempo,1968751
0,17279,set_tempo,1875001
0,17280,set_tempo,2025001
0,17519,set_tempo,1875001
0,17520,set_tempo,2062501
0,17759,set_tempo,1875001
0,17760,set_tempo,2062501
0,17999,set_tempo,1875001
0,18000,set_tempo,2100001
0,18239,set_tempo,1875001
0,18240,set_tempo,1838716
0,18479,set_tempo,967745
0,18480,set_tempo,1354843
0,18719,set_tempo,967745
0,18720,set_tempo,1161294
0,18959,set_tempo,967745
0,19680,set_tempo,1112907
0,19919,set_tempo,967745
0,19920,set_tempo,1258069
0,20159,set_tempo,967745
0,20160,set_tempo,1403230
0,20399,set_tempo,967745
0,20400,set_tempo,1500001
0,20639,set_tempo,1875001
0,20640,set_tempo,1781251
0,20879,set_tempo,1875001
0,20880,set_tempo,2062501
0,21119,set_tempo,1875001
0,21120,set_tempo,2025001
0,21359,set_tempo,1875001
0,21360,set_tempo,2025001
0,21599,set_tempo,1875001
0,21600,set_tempo,2062501
0,21839,set_tempo,1875001
0,21840,set_tempo,2250001
0,22079,set_tempo,1875001
0,22080,set_tempo,2156251
0,22319,set_tempo,1875001
0,22560,set_tempo,2437502
0,22799,set_tempo,1875001
0,22800,set_tempo,2437502
0,23039,set_tempo,1875001
0,23040,set_tempo,2343751
0,23279,set_tempo,1875001
0,23280,set_tempo,2437502
0,23519,set_tempo,1875001
0,23520,set_tempo,2343751
0,23759,set_tempo,1875001
0,23760,set_tempo,2437502
0,23999,set_tempo,1875001
0,24000,set_tempo,2250001
0,24239,set_tempo,1875001
0,24240,set_tempo,2062501
0,24479,set_tempo,1875001
0,24480,set_tempo,2625002
0,24719,set_tempo,1875001
0,24720,set_tempo,2812502
0,24959,set_tempo,1875001
0,24960,set_tempo,2625002
0,25199,set_tempo,1875001
0,25200,set_tempo,2906252
0,25439,set_tempo,1875001
0,25440,set_tempo,3093752
0,25679,set_tempo,1875001
0,25680,set_tempo,3562502
0,25919,set_tempo,1875001
0,25920,set_tempo,1019418
0,26080,set_tempo,815535
0,26239,set_tempo,1019418
0,26240,set_tempo,611651
0,26399,set_tempo,291262
0,26400,set_tempo,509709
0,26879,set_tempo,291262
0,26880,set_tempo,378641
0,27359,set_tempo,291262
0,27360,set_tempo,364078
0,27520,set_tempo,345874
0,27679,set_tempo,364078
0,27680,set_tempo,316748
0,27839,set_tempo,291262
0,27840,set_tempo,334952
0,28319,set_tempo,291262
0,28320,set_tempo,334952
0,28799,set_tempo,291262
0,28800,set_tempo,334952
0,29279,set_tempo,291262
0,29280,set_tempo,334952
0,29759,set_tempo,291262
0,29760,set_tempo,349515
0,30239,set_tempo,291262
0,30240,set_tempo,364078
0,30719,set_tempo,291262
0,30720,set_tempo,407767
0,31199,set_tempo,291262
0,31200,set_tempo,436894
0,31360,set_tempo,480583
0,31519,set_tempo,436894
0,31520,set_tempo,524272
0,31679,set_tempo,291262
0,31680,set_tempo,728156
0,31999,set_tempo,291262
0,32000,set_tempo,742719
0,32159,set_tempo,291262
0,32160,set_tempo,669904
0,32639,set_tempo,291262
0,32640,set_tempo,524272
0,32959,set_tempo,291262
0,32960,set_tempo,466020
0,33119,set_tempo,291262
0,33120,set_tempo,378641
0,33599,set_tempo,291262
0,33600,set_tempo,334952
0,34079,set_tempo,291262
0,34080,set_tempo,334952
0,34559,set_tempo,291262
0,34560,set_tempo,320389
0,35039,set_tempo,291262
0,35040,set_tempo,320389
0,35519,set_tempo,291262
0,35520,set_tempo,305826
0,35999,set_tempo,291262
0,36000,set_tempo,305826
0,36479,set_tempo,291262
0,36480,set_tempo,305826
0,36959,set_tempo,291262
0,36960,set_tempo,305826
0,37439,set_tempo,291262
0,38400,set_tempo,276699
0,38879,set_tempo,291262
0,38880,set_tempo,276699
0,39359,set_tempo,291262
0,39360,set_tempo,285437
0,39839,set_tempo,291262
0,39840,set_tempo,285437
0,40319,set_tempo,291262
0,40320,set_tempo,285437
0,40799,set_tempo,291262
0,40800,set_tempo,279612
0,41279,set_tempo,291262
0,41280,set_tempo,273787
0,41759,set_tempo,291262
0,41760,set_tempo,267961
0,42239,set_tempo,291262
0,42240,set_tempo,267961
0,42719,set_tempo,291262
0,42720,set_tempo,267961
0,43199,set_tempo,291262
0,43200,set_tempo,267961
0,43679,set_tempo,291262
0,43680,set_tempo,267961
0,44159,set_tempo,291262
0,44160,set_tempo,267961
0,44639,set_tempo,291262
0,44640,set_tempo,267961
0,45119,set_tempo,291262
0,45120,set_tempo,267961
0,45599,set_tempo,291262
0,45600,set_tempo,267961
0,46079,set_tempo,291262
0,46080,set_tempo,267961
0,46559,set_tempo,291262
0,46560,set_tempo,267961
0,47039,set_tempo,291262
0,47040,set_tempo,267961
0,47519,set_tempo,291262
0,47520,set_tempo,267961
0,47999,set_tempo,291262
0,48000,set_tempo,267961
0,48479,set_tempo,291262
0,48480,set_tempo,267961
0,48959,set_tempo,291262
0,48960,set_tempo,267961
0,49439,set_tempo,291262
0,49440,set_tempo,267961
0,49919,set_tempo,291262
0,49920,set_tempo,267961
0,50399,set_tempo,291262
0,50400,set_tempo,267961
0,50879,set_tempo,291262
0,50880,set_tempo,349515
0,51039,set_tempo,291262
0,51040,set_tempo,279612
0,51199,set_tempo,291262
0,51200,set_tempo,267961
0,51359,set_tempo,291262
0,51360,set_tempo,262136
0,51839,set_tempo,291262
0,51840,set_tempo,262136
0,52319,set_tempo,291262
0,52320,set_tempo,262136
0,52799,set_tempo,291262
0,52800,set_tempo,320389
0,52959,set_tempo,291262
0,52960,set_tempo,279612
0,53119,set_tempo,291262
0,53120,set_tempo,267961
0,53279,set_tempo,291262
0,53280,set_tempo,262136
0,53759,set_tempo,291262
0,53760,set_tempo,262136
0,54239,set_tempo,291262
0,54240,set_tempo,262136
0,54719,set_tempo,291262
0,54720,set_tempo,262136
0,55199,set_tempo,291262
0,55200,set_tempo,262136
0,55679,set_tempo,291262
0,55680,set_tempo,267961
0,56159,set_tempo,291262
0,56160,set_tempo,279612
0,56639,set_tempo,291262
0,56640,set_tempo,378641
0,56959,set_tempo,291262
0,56960,set_tempo,378641
0,57119,set_tempo,291262
0,57120,set_tempo,466020
0,57599,set_tempo,291262
0,57600,set_tempo,314563
0,57919,set_tempo,291262
0,57920,set_tempo,305826
0,58079,set_tempo,291262
0,58080,set_tempo,262136
0,58559,set_tempo,291262
0,58560,set_tempo,320389
0,58719,set_tempo,291262
0,58720,set_tempo,279612
0,58879,set_tempo,291262
0,58880,set_tempo,267961
0,59039,set_tempo,291262
0,59040,set_tempo,250486
0,59519,set_tempo,291262
0,59520,set_tempo,250486
0,59999,set_tempo,291262
0,60000,set_tempo,250486
0,60479,set_tempo,291262
0,60480,set_tempo,241748
0,60959,set_tempo,291262
0,60960,set_tempo,241748
0,61439,set_tempo,291262
0,61440,set_tempo,241748
0,61919,set_tempo,291262
0,61920,set_tempo,241748
0,62399,set_tempo,291262
0,62400,set_tempo,247573
0,62879,set_tempo,291262
0,62880,set_tempo,247573
0,63359,set_tempo,291262
0,63360,set_tempo,247573
0,63839,set_tempo,291262
0,63840,set_tempo,247573
0,64319,set_tempo,291262
0,64320,set_tempo,247573
0,64799,set_tempo,291262
0,64800,set_tempo,247573
0,65279,set_tempo,291262
0,65280,set_tempo,247573
0,65759,set_tempo,291262
0,65760,set_tempo,247573
0,66239,set_tempo,291262
0,66240,set_tempo,247573
0,66719,set_tempo,291262
0,66720,set_tempo,247573
0,67199,set_tempo,291262
0,67200,set_tempo,214286
0,81440,set_tempo,1176471
0,81599,set_tempo,588235
0,84480,set_tempo,705882
0,85439,set_tempo,588235
0,85440,set_tempo,1118644
0,85679,set_tempo,1016949
0,86880,set_tempo,1037288
0,87120,set_tempo,985424
0,87359,set_tempo,1016949
0,87600,set_tempo,966102
0,87839,set_tempo,1016949
0,87840,set_tempo,966102
0,88079,set_tempo,1016949
0,88080,set_tempo,976272
0,88319,set_tempo,1016949
0,88800,set_tempo,1057627
0,89279,set_tempo,1016949
0,89520,set_tempo,955933
0,89759,set_tempo,1016949
0,89760,set_tempo,1057627
0,89999,set_tempo,1016949
0,90240,set_tempo,1037288
0,90719,set_tempo,1016949
0,90720,set_tempo,1047458
0,91199,set_tempo,1016949
0,91440,set_tempo,976272
0,91679,set_tempo,1016949
0,91680,set_tempo,1047458
0,91919,set_tempo,1016949
0,92160,set_tempo,1037288
0,92400,set_tempo,1058034
0,92639,set_tempo,1016949
0,92640,set_tempo,1138983
0,92880,set_tempo,1195933
0,93119,set_tempo,1016949
0,93122,pedal,127
0,93360,set_tempo,823729
0,93599,set_tempo,1016949
0,93600,set_tempo,783051
0,93839,set_tempo,1016949
0,93840,set_tempo,732204
0,94079,set_tempo,1016949
0,94080,set_tempo,671187
0,94319,set_tempo,1016949
0,94320,set_tempo,610170
0,94559,set_tempo,1016949
0,94560,set_tempo,610170
0,94799,set_tempo,1016949
0,94800,set_tempo,610170
0,95039,set_tempo,1016949
0,95040,set_tempo,610170
0,95279,set_tempo,1016949
0,95280,set_tempo,610170
0,95281,pedal,0
0,95519,set_tempo,1016949
0,95520,set_tempo,610170
0,95759,set_tempo,1016949
0,95760,set_tempo,610170
0,95999,set_tempo,1016949
0,96000,set_tempo,610170
0,96239,set_tempo,1016949
0,96240,set_tempo,691526
0,96479,set_tempo,1016949
0,96480,set_tempo,772882
0,96719,set_tempo,1016949
0,96720,set_tempo,854238
0,96959,set_tempo,1016949
0,96960,set_tempo,1627119
0,97199,set_tempo,1016949
0,97680,set_tempo,1047458
0,97919,set_tempo,1016949
0,98160,set_tempo,1118644
0,98399,set_tempo,1016949
0,98400,set_tempo,1057627
0,98640,set_tempo,1163390
0,98879,set_tempo,1016949
0,99120,set_tempo,955933
0,99359,set_tempo,1016949
0,99360,set_tempo,1057627
0,99599,set_tempo,1016949
0,99600,set_tempo,1118644
0,99839,set_tempo,1016949
0,99840,set_tempo,1098305
0,100080,set_tempo,1208136
0,100319,set_tempo,1016949
0,100320,set_tempo,1179661
0,100799,set_tempo,1016949
0,100800,set_tempo,1627119
0,100802,pedal,127
0,101039,set_tempo,1016949
0,101040,set_tempo,935594
0,101279,set_tempo,1016949
0,101280,set_tempo,874577
0,101519,set_tempo,1016949
0,101520,set_tempo,813560
0,101759,set_tempo,1016949
0,101760,set_tempo,711865
0,101999,set_tempo,1016949
0,102000,set_tempo,711865
0,102239,set_tempo,1016949
0,102240,set_tempo,752543
0,102479,set_tempo,1016949
0,102480,set_tempo,833899
0,102719,set_tempo,1016949
0,102720,set_tempo,1057627
0,102959,set_tempo,1016949
0,102960,set_tempo,1118644
0,103199,set_tempo,1016949
0,103200,set_tempo,1322034
0,103439,set_tempo,1016949
0,103440,set_tempo,1362712
0,103679,set_tempo,1016949
0,103680,set_tempo,1525424
0,103920,set_tempo,1677967
0,104159,set_tempo,1016949
0,104160,set_tempo,2033899
0,104400,set_tempo,2237289
0,104639,set_tempo,1016949
0,104640,set_tempo,1153846
0,114240,set_tempo,1384615
0,115920,set_tempo,1038461
0,116159,set_tempo,1153846
0,116160,set_tempo,2307691
0,118079,set_tempo,1153846
0,118080,end_of_track,-
1,0,key_signature,E
1,0,midi_port,0
1,2,pedal,127
1,481,pedal,0
1,482,pedal,127
1,961,pedal,0
1,962,pedal,127
1,3601,pedal,0
1,3842,pedal,127
1,4321,pedal,0
1,4322,pedal,127
1,4801,pedal,0
1,4802,pedal,127
1,5521,pedal,0
1,5762,pedal,127
1,6241,pedal,0
1,6242,pedal,127
1,6721,pedal,0
1,6722,pedal,127
1,7441,pedal,0
1,7682,pedal,127
1,8161,pedal,0
1,8162,pedal,127
1,8641,pedal,0
1,8642,pedal,127
1,9361,pedal,0
1,9602,pedal,127
1,10081,pedal,0
1,10082,pedal,127
1,10561,pedal,0
1,15362,pedal,127
1,15841,pedal,0
1,15842,pedal,127
1,16321,pedal,0
1,16322,pedal,127
1,17041,pedal,0
1,17282,pedal,127
1,17761,pedal,0
1,17762,pedal,127
1,18241,pedal,0
1,18242,pedal,127
1,20161,pedal,0
1,21122,pedal,127
1,21601,pedal,0
1,21602,pedal,127
1,22081,pedal,0
1,22082,pedal,127
1,23041,pedal,0
1,23042,pedal,127
1,23521,pedal,0
1,23522,pedal,127
1,24001,pedal,0
1,24002,pedal,127
1,24961,pedal,0
1,24962,pedal,127
1,25441,pedal,0
1,25442,pedal,127
1,25921,pedal,0
1,81602,pedal,127
1,83521,pedal,0
1,83522,pedal,127
1,85441,pedal,0
1,114242,pedal,127
1,118080,pedal,0
1,118081,end_of_track,-
2,0,key_signature,E
2,0,midi_port,0
2,118080,end_of_track,-
3,0,key_signature,E
3,0,midi_port,0
3,85442,pedal,127
3,86401,pedal,0
3,86402,pedal,127
3,86881,pedal,0
3,86882,pedal,127
3,87361,pedal,0
3,87362,pedal,127
3,88321,pedal,0
3,88322,pedal,127
3,88801,pedal,0
3,88802,pedal,127
3,89281,pedal,0
3,89282,pedal,127
3,90241,pedal,0
3,90242,pedal,127
3,90721,pedal,0
3,90722,pedal,127
3,91201,pedal,0
3,91202,pedal,127
3,92161,pedal,0
3,92162,pedal,127
3,92641,pedal,0
3,92642,pedal,127
3,93121,pedal,0
3,96962,pedal,127
3,97921,pedal,0
3,97922,pedal,127
3,98401,pedal,0
3,98402,pedal,127
3,98881,pedal,0
3,98882,pedal,127
3,99841,pedal,0
3,99842,pedal,127
3,100321,pedal,0
3,100322,pedal,127
3,100801,pedal,0
3,100801,pedal,0
3,100802,pedal,127
3,101761,pedal,0
3,118080,end_of_track,-
