﻿track,time,key,value
0,0,time_signature_numerator,6
0,0,time_signature_denominator,8
0,0,time_signature_clocks_per_click,24
0,0,time_signature_notated_32nd_notes_per_beat,8
0,0,key_signature,Eb
0,0,set_tempo,428572
0,0,midi_port,0
0,122,pedal,127
0,3601,pedal,0
0,4442,pedal,127
0,7921,pedal,0
0,8882,pedal,127
0,9601,pedal,0
0,10082,pedal,127
0,10801,pedal,0
0,11282,pedal,127
0,12001,pedal,0
0,36002,pedal,127
0,37440,set_tempo,461538
0,37441,pedal,0
0,40320,time_signature_numerator,4
0,40320,time_signature_denominator,8
0,40320,time_signature_clocks_per_click,24
0,40320,time_signature_notated_32nd_notes_per_beat,8
0,40320,set_tempo,545456
0,40800,set_tempo,599999
0,41280,time_signature_numerator,6
0,41280,time_signature_denominator,8
0,41280,time_signature_clocks_per_click,24
0,41280,time_signature_notated_32nd_notes_per_beat,8
0,42240,set_tempo,428572
0,53042,pedal,127
0,53761,pedal,0
0,54242,pedal,127
0,54961,pedal,0
0,55682,pedal,127
0,56161,pedal,0
0,58082,pedal,127
0,60362,pedal,127
0,62881,pedal,0
0,62882,pedal,127
0,63601,pedal,0
0,63602,pedal,127
0,64321,pedal,0
0,74642,pedal,127
0,75841,pedal,0
0,83040,set_tempo,428572
0,93120,set_tempo,514286
0,93839,set_tempo,428572
0,93840,set_tempo,642858
0,94559,set_tempo,428572
0,94562,pedal,127
0,96001,pedal,0
0,96002,pedal,127
0,97441,pedal,0
0,97442,pedal,127
0,98881,pedal,0
0,100322,pedal,127
0,101761,pedal,0
0,101762,pedal,127
0,103201,pedal,0
0,103202,pedal,127
0,104641,pedal,0
0,104642,pedal,127
0,106081,pedal,0
0,106082,pedal,127
0,107521,pedal,0
0,107522,pedal,127
0,108961,pedal,0
0,108962,pedal,127
0,110401,pedal,0
0,110402,pedal,127
0,111841,pedal,0
0,111842,pedal,127
0,113281,pedal,0
0,113282,pedal,127
0,114721,pedal,0
0,114722,pedal,127
0,116161,pedal,0
0,116162,pedal,127
0,117601,pedal,0
0,117602,pedal,127
0,119041,pedal,0
0,119400,set_tempo,500000
0,119760,set_tempo,599999
0,120240,set_tempo,1200000
0,120480,set_tempo,500000
0,131280,set_tempo,666667
0,131880,set_tempo,2000000
0,131999,set_tempo,666667
0,132000,set_tempo,500000
0,163680,set_tempo,545456
0,164400,set_tempo,599999
0,165120,time_signature_numerator,2
0,165120,time_signature_denominator,4
0,165120,time_signature_clocks_per_click,24
0,165120,time_signature_notated_32nd_notes_per_beat,8
0,165120,set_tempo,750002
0,172320,set_tempo,857140
0,172560,set_tempo,1000000
0,172800,set_tempo,750002
0,176160,set_tempo,857140
0,176400,set_tempo,1000000
0,176640,set_tempo,750002
0,180480,set_tempo,857140
0,181440,set_tempo,1000000
0,181920,set_tempo,1200000
0,182160,set_tempo,1499999
0,182400,time_signature_numerator,6
0,182400,time_signature_denominator,8
0,182400,time_signature_clocks_per_click,24
0,182400,time_signature_notated_32nd_notes_per_beat,8
0,182400,set_tempo,428572
0,224160,set_tempo,500000
0,224880,set_tempo,599999
0,225600,key_signature,C
0,225600,set_tempo,428572
0,235680,set_tempo,514286
0,236399,set_tempo,428572
0,236400,set_tempo,642858
0,237119,set_tempo,428572
0,237120,time_signature_numerator,2
0,237120,time_signature_denominator,4
0,237120,time_signature_clocks_per_click,24
0,237120,time_signature_notated_32nd_notes_per_beat,8
0,237120,set_tempo,666667
0,239040,time_signature_numerator,6
0,239040,time_signature_denominator,8
0,239040,time_signature_clocks_per_click,24
0,239040,time_signature_notated_32nd_notes_per_beat,8
0,239040,set_tempo,428572
0,241920,time_signature_numerator,2
0,241920,time_signature_denominator,4
0,241920,time_signature_clocks_per_click,24
0,241920,time_signature_notated_32nd_notes_per_beat,8
0,241920,set_tempo,666667
0,243840,time_signature_numerator,6
0,243840,time_signature_denominator,8
0,243840,time_signature_clocks_per_click,24
0,243840,time_signature_notated_32nd_notes_per_beat,8
0,243840,set_tempo,428572
0,249602,pedal,127
0,250321,pedal,0
0,250322,pedal,127
0,251041,pedal,0
0,251042,pedal,127
0,251761,pedal,0
0,251762,pedal,127
0,252480,time_signature_numerator,2
0,252480,time_signature_denominator,4
0,252480,time_signature_clocks_per_click,24
0,252480,time_signature_notated_32nd_notes_per_beat,8
0,252480,set_tempo,666667
0,252481,pedal,0
0,252482,pedal,127
0,252961,pedal,0
0,252962,pedal,127
0,253441,pedal,0
0,253442,pedal,127
0,253921,pedal,0
0,253922,pedal,127
0,254400,time_signature_numerator,6
0,254400,time_signature_denominator,8
0,254400,time_signature_clocks_per_click,24
0,254400,time_signature_notated_32nd_notes_per_beat,8
0,254400,set_tempo,428572
0,254401,pedal,0
0,264480,set_tempo,500000
0,265200,set_tempo,599999
0,265920,set_tempo,428572
0,276720,set_tempo,500000
0,277080,set_tempo,599999
0,277440,time_signature_numerator,2
0,277440,time_signature_denominator,4
0,277440,time_signature_clocks_per_click,24
0,277440,time_signature_notated_32nd_notes_per_beat,8
0,277440,set_tempo,666667
0,290880,time_signature_numerator,6
0,290880,time_signature_denominator,8
0,290880,time_signature_clocks_per_click,24
0,290880,time_signature_notated_32nd_notes_per_beat,8
0,290880,set_tempo,428572
0,307440,set_tempo,857144
0,307679,set_tempo,428572
0,308160,set_tempo,1285716
0,309599,set_tempo,428572
0,309600,end_of_track,-
1,0,key_signature,Eb
1,0,midi_port,0
1,12722,pedal,127
1,13201,pedal,0
1,13922,pedal,127
1,14401,pedal,0
1,14402,pedal,127
1,17281,pedal,0
1,21602,pedal,127
1,23761,pedal,0
1,25202,pedal,127
1,27361,pedal,0
1,56882,pedal,127
1,57361,pedal,0
1,58081,pedal,0
1,58082,pedal,127
1,58561,pedal,0
1,58562,pedal,127
1,60361,pedal,0
1,65762,pedal,127
1,67921,pedal,0
1,69362,pedal,127
1,71521,pedal,0
1,75842,pedal,127
1,77281,pedal,0
1,120482,pedal,127
1,132001,pedal,0
1,132002,pedal,127
1,136321,pedal,0
1,136322,pedal,127
1,140641,pedal,0
1,140642,pedal,127
1,144961,pedal,0
1,144962,pedal,127
1,149281,pedal,0
1,149282,pedal,127
1,155041,pedal,0
1,155042,pedal,127
1,159361,pedal,0
1,159362,pedal,127
1,162241,pedal,0
1,162242,pedal,127
1,163681,pedal,0
1,163682,pedal,127
1,165121,pedal,0
1,165122,pedal,127
1,166081,pedal,0
1,166082,pedal,127
1,167041,pedal,0
1,167042,pedal,127
1,168001,pedal,0
1,168002,pedal,127
1,168961,pedal,0
1,168962,pedal,127
1,169921,pedal,0
1,169922,pedal,127
1,170881,pedal,0
1,170882,pedal,127
1,171841,pedal,0
1,171842,pedal,127
1,172801,pedal,0
1,172802,pedal,127
1,173761,pedal,0
1,173762,pedal,127
1,174721,pedal,0
1,174722,pedal,127
1,175681,pedal,0
1,175682,pedal,127
1,176641,pedal,0
1,176642,pedal,127
1,177601,pedal,0
1,177602,pedal,127
1,178561,pedal,0
1,178562,pedal,127
1,179521,pedal,0
1,225600,key_signature,C
1,225602,pedal,127
1,227041,pedal,0
1,227042,pedal,127
1,228481,pedal,0
1,228482,pedal,127
1,229681,pedal,0
1,229922,pedal,127
1,230881,pedal,0
1,231362,pedal,127
1,232801,pedal,0
1,232802,pedal,127
1,234241,pedal,0
1,234242,pedal,127
1,235441,pedal,0
1,277442,pedal,127
1,279361,pedal,0
1,279362,pedal,127
1,280321,pedal,0
1,280322,pedal,127
1,281281,pedal,0
1,281282,pedal,127
1,283201,pedal,0
1,283202,pedal,127
1,285121,pedal,0
1,285122,pedal,127
1,286081,pedal,0
1,286082,pedal,127
1,287041,pedal,0
1,287042,pedal,127
1,290881,pedal,0
1,290882,pedal,127
1,292321,pedal,0
1,292322,pedal,127
1,293761,pedal,0
1,293762,pedal,127
1,295201,pedal,0
1,295202,pedal,127
1,296641,pedal,0
1,296642,pedal,127
1,297361,pedal,0
1,297362,pedal,127
1,298081,pedal,0
1,298082,pedal,127
1,298801,pedal,0
1,298802,pedal,127
1,299521,pedal,0
1,309528,end_of_track,-
