﻿track,time,key,value
0,0,time_signature_numerator,1
0,0,time_signature_denominator,8
0,0,time_signature_clocks_per_click,24
0,0,time_signature_notated_32nd_notes_per_beat,8
0,0,key_signature,Eb
0,0,set_tempo,1538462
0,0,midi_port,0
0,240,time_signature_numerator,12
0,240,time_signature_denominator,8
0,240,time_signature_clocks_per_click,24
0,240,time_signature_notated_32nd_notes_per_beat,8
0,240,set_tempo,1363637
0,480,set_tempo,1304347
0,720,set_tempo,1363637
0,960,set_tempo,1333333
0,1200,set_tempo,1363637
0,1440,set_tempo,1304347
0,1680,set_tempo,1363637
0,1920,set_tempo,1333333
0,2160,set_tempo,1463415
0,2400,set_tempo,1304347
0,2640,set_tempo,1363637
0,2880,set_tempo,1333333
0,3120,set_tempo,1304347
0,3360,set_tempo,1363637
0,3600,set_tempo,1276596
0,3660,set_tempo,1224489
0,3720,set_tempo,1250000
0,3840,set_tempo,1304347
0,4080,set_tempo,1428571
0,4320,set_tempo,1363637
0,4560,set_tempo,1304347
0,4800,set_tempo,1363637
0,5040,set_tempo,1463415
0,5280,set_tempo,1276596
0,5520,set_tempo,1463415
0,5760,set_tempo,1428571
0,6000,set_tempo,1304347
0,6240,set_tempo,1333333
0,6480,set_tempo,1428571
0,6720,set_tempo,1304347
0,6960,set_tempo,1333333
0,7200,set_tempo,1395348
0,7440,set_tempo,1304347
0,7680,set_tempo,1333333
0,7920,set_tempo,1428571
0,8160,set_tempo,1363637
0,8400,set_tempo,1333333
0,8640,set_tempo,1499999
0,8880,set_tempo,1363637
0,9120,set_tempo,1276596
0,9360,set_tempo,1395348
0,9600,set_tempo,1333333
0,9720,set_tempo,1395348
0,9840,set_tempo,1428571
0,9960,set_tempo,1363637
0,10080,set_tempo,1428571
0,10200,set_tempo,1499999
0,10320,set_tempo,1395348
0,10560,set_tempo,1304347
0,10800,set_tempo,1304347
0,11040,set_tempo,1395348
0,11280,set_tempo,1463415
0,11520,set_tempo,1395348
0,11760,set_tempo,1276596
0,12240,set_tempo,1363637
0,12480,set_tempo,1250000
0,12600,set_tempo,1333333
0,12720,set_tempo,1428571
0,12840,set_tempo,1224489
0,12960,set_tempo,1276596
0,13080,set_tempo,1304347
0,13200,set_tempo,1428571
0,13440,set_tempo,1333333
0,14040,set_tempo,1304347
0,14280,set_tempo,1363637
0,14400,set_tempo,1333333
0,14520,set_tempo,1395348
0,14640,set_tempo,1276596
0,14760,set_tempo,1304347
0,15000,set_tempo,1363637
0,15120,set_tempo,1276596
0,15240,set_tempo,1304347
0,15480,set_tempo,1276596
0,15600,set_tempo,1428571
0,15720,set_tempo,1333333
0,15840,set_tempo,1463415
0,16080,set_tempo,1428571
0,16320,set_tempo,1363637
0,16560,set_tempo,1363637
0,16800,set_tempo,1333333
0,17040,set_tempo,1428571
0,17280,set_tempo,1463415
0,17520,set_tempo,1333333
0,17760,set_tempo,1304347
0,18000,set_tempo,1395348
0,18210,set_tempo,1499999
0,18240,set_tempo,1363637
0,18480,set_tempo,1304347
0,18720,set_tempo,1363637
0,18960,set_tempo,1304347
0,19200,set_tempo,1333333
0,19440,set_tempo,1463415
0,19680,set_tempo,1333333
0,19920,set_tempo,1363637
0,20160,set_tempo,1499999
0,20400,set_tempo,1276596
0,20640,set_tempo,1304347
0,20880,set_tempo,1363637
0,21360,set_tempo,1333333
0,21480,set_tempo,1276596
0,21600,set_tempo,1428571
0,21840,set_tempo,1304347
0,22080,set_tempo,1333333
0,22320,set_tempo,1250000
0,22560,set_tempo,1428571
0,22800,set_tempo,1395348
0,23040,set_tempo,1428571
0,23280,set_tempo,1333333
0,23520,set_tempo,1304347
0,23760,set_tempo,1463415
0,24000,set_tempo,1304347
0,24240,set_tempo,1395348
0,24480,set_tempo,1428571
0,24720,set_tempo,1395348
0,24960,set_tempo,1333333
0,25200,set_tempo,1463415
0,25440,set_tempo,1333333
0,25680,set_tempo,1304347
0,25920,set_tempo,1463415
0,26160,set_tempo,1304347
0,26400,set_tempo,1333333
0,26640,set_tempo,1395348
0,26880,set_tempo,1428571
0,27120,set_tempo,1428571
0,27240,set_tempo,1463415
0,27360,set_tempo,1499999
0,27540,set_tempo,1578948
0,27600,set_tempo,1428571
0,27840,set_tempo,1395348
0,28080,set_tempo,1499999
0,28320,set_tempo,1463415
0,28560,set_tempo,1463415
0,28800,set_tempo,1538462
0,29040,set_tempo,1304347
0,29280,set_tempo,1250000
0,29520,set_tempo,1363637
0,29760,set_tempo,1250000
0,30000,set_tempo,1304347
0,30240,set_tempo,1363637
0,30480,set_tempo,1276596
0,30720,set_tempo,1304347
0,30960,set_tempo,1395348
0,31200,set_tempo,1333333
0,31440,set_tempo,1395348
0,31680,set_tempo,1428571
0,31920,set_tempo,1333333
0,32160,set_tempo,1276596
0,32400,set_tempo,1428571
0,32640,set_tempo,1304347
0,32880,set_tempo,1395348
0,33120,set_tempo,1363637
0,33360,set_tempo,1333333
0,33600,set_tempo,1304347
0,33840,set_tempo,1363637
0,34080,set_tempo,1395348
0,34320,set_tempo,1463415
0,34560,set_tempo,1666667
0,34800,set_tempo,1395348
0,35280,set_tempo,1276596
0,35400,set_tempo,1333333
0,35640,set_tempo,1304347
0,35760,set_tempo,1276596
0,35880,set_tempo,1333333
0,36000,set_tempo,1363637
0,36180,set_tempo,1499999
0,36240,set_tempo,1304347
0,36480,set_tempo,1333333
0,36720,set_tempo,1463415
0,36960,set_tempo,1304347
0,37200,set_tempo,1395348
0,37320,set_tempo,1276596
0,37440,set_tempo,1363637
0,37560,set_tempo,1395348
0,37680,set_tempo,1304347
0,37800,set_tempo,1333333
0,37920,set_tempo,1363637
0,38040,set_tempo,1304347
0,38160,set_tempo,1395348
0,38280,set_tempo,1304347
0,38520,set_tempo,1276596
0,38640,set_tempo,1395348
0,38760,set_tempo,1333333
0,38880,set_tempo,1463415
0,39000,set_tempo,1395348
0,39120,set_tempo,1276596
0,39600,set_tempo,1499999
0,39840,set_tempo,1276596
0,40080,set_tempo,1333333
0,40320,set_tempo,1428571
0,40560,set_tempo,1428571
0,40800,set_tempo,1333333
0,41040,set_tempo,1395348
0,41220,set_tempo,1499999
0,41250,set_tempo,1395348
0,41280,set_tempo,1304347
0,41520,set_tempo,1304347
0,41760,set_tempo,1333333
0,42000,set_tempo,1304347
0,42240,set_tempo,1276596
0,42480,set_tempo,1395348
0,42720,set_tempo,1276596
0,42960,set_tempo,1304347
0,43200,set_tempo,1463415
0,43440,set_tempo,1250000
0,43680,set_tempo,1304347
0,43920,set_tempo,1333333
0,44220,set_tempo,1200000
0,44340,set_tempo,1276596
0,44460,set_tempo,1224489
0,44580,set_tempo,1395348
0,44640,set_tempo,1304347
0,44700,set_tempo,1428571
0,44760,set_tempo,1333333
0,44840,set_tempo,1578948
0,44880,set_tempo,1276596
0,45360,set_tempo,1304347
0,45600,set_tempo,1395348
0,45840,set_tempo,1304347
0,46080,set_tempo,1395348
0,46320,set_tempo,1304347
0,46560,set_tempo,1363637
0,46800,set_tempo,1428571
0,47040,set_tempo,1304347
0,47280,set_tempo,1333333
0,47520,set_tempo,1395348
0,47760,set_tempo,1363637
0,48240,set_tempo,1463415
0,48480,set_tempo,1333333
0,48720,set_tempo,1304347
0,48960,set_tempo,1395348
0,49200,set_tempo,1304347
0,49380,set_tempo,1276596
0,49560,set_tempo,1304347
0,49740,set_tempo,1428571
0,49920,set_tempo,1363637
0,50160,set_tempo,1304347
0,50280,set_tempo,1395348
0,50400,set_tempo,1333333
0,50580,set_tempo,1363637
0,50640,set_tempo,1304347
0,50880,set_tempo,1395348
0,51360,set_tempo,1333333
0,51600,set_tempo,1395348
0,51840,set_tempo,1499999
0,52080,set_tempo,1333333
0,52320,set_tempo,1276596
0,52560,set_tempo,1428571
0,52800,set_tempo,1304347
0,53040,set_tempo,1333333
0,53280,set_tempo,1428571
0,53520,set_tempo,1304347
0,54000,set_tempo,1428571
0,54240,set_tempo,1333333
0,54480,set_tempo,1363637
0,54720,set_tempo,1428571
0,54960,set_tempo,1363637
0,55200,set_tempo,1333333
0,55440,set_tempo,1363637
0,55680,set_tempo,1333333
0,55920,set_tempo,1395348
0,56160,set_tempo,1395348
0,56400,set_tempo,1304347
0,56640,set_tempo,1395348
0,56880,set_tempo,1428571
0,57120,set_tempo,1395348
0,57360,set_tempo,1428571
0,57600,set_tempo,1666667
0,57840,set_tempo,1363637
0,58320,set_tempo,1333333
0,58440,set_tempo,1304347
0,58560,set_tempo,1276596
0,58680,set_tempo,1363637
0,58800,set_tempo,1333333
0,58920,set_tempo,1304347
0,59040,set_tempo,1428571
0,59220,set_tempo,1428571
0,59280,set_tempo,1304347
0,59760,set_tempo,1333333
0,60000,set_tempo,1304347
0,60240,set_tempo,1428571
0,60360,set_tempo,1304347
0,60480,set_tempo,1333333
0,60600,set_tempo,1428571
0,60720,set_tempo,1363637
0,60840,set_tempo,1304347
0,61080,set_tempo,1304347
0,61200,set_tempo,1395348
0,61320,set_tempo,1304347
0,61440,set_tempo,1395348
0,61560,set_tempo,1363637
0,61680,set_tempo,1428571
0,61800,set_tempo,1363637
0,61920,set_tempo,1395348
0,62040,set_tempo,1463415
0,62160,set_tempo,1333333
0,62400,set_tempo,1304347
0,62640,set_tempo,1463415
0,62880,set_tempo,1276596
0,63120,set_tempo,1428571
0,63360,set_tempo,1395348
0,63600,set_tempo,1395348
0,63840,set_tempo,1304347
0,64080,set_tempo,1428571
0,64260,set_tempo,1499999
0,64290,set_tempo,1428571
0,64320,set_tempo,1333333
0,64800,set_tempo,1428571
0,65040,set_tempo,1304347
0,65280,set_tempo,1333333
0,65520,set_tempo,1463415
0,65760,set_tempo,1304347
0,66000,set_tempo,1363637
0,66240,set_tempo,1538462
0,66480,set_tempo,1304347
0,66600,set_tempo,1363637
0,66840,set_tempo,1224489
0,67140,set_tempo,1333333
0,67200,set_tempo,1304347
0,67320,set_tempo,1428571
0,67440,set_tempo,1333333
0,67488,set_tempo,1304347
0,67536,set_tempo,1395348
0,67584,set_tempo,1333333
0,67632,set_tempo,1304347
0,67680,set_tempo,1276596
0,67740,set_tempo,1363637
0,67800,set_tempo,1363637
0,67880,set_tempo,1428571
0,67920,set_tempo,1276596
0,68160,set_tempo,1304347
0,68400,set_tempo,1395348
0,68640,set_tempo,1304347
0,68880,set_tempo,1395348
0,69120,set_tempo,1538462
0,69360,set_tempo,1304347
0,69600,set_tempo,1333333
0,69840,set_tempo,1428571
0,70080,set_tempo,1250000
0,70320,set_tempo,1304347
0,70560,set_tempo,1395348
0,70800,set_tempo,1276596
0,71280,set_tempo,1395348
0,71520,set_tempo,1395348
0,71760,set_tempo,1395348
0,72000,set_tempo,1499999
0,72240,set_tempo,1333333
0,72480,set_tempo,1304347
0,72960,set_tempo,1395348
0,73080,set_tempo,1250000
0,73200,set_tempo,1333333
0,73320,set_tempo,1276596
0,73440,set_tempo,1304347
0,73560,set_tempo,1428571
0,73680,set_tempo,1333333
0,73920,set_tempo,1395348
0,74160,set_tempo,1304347
0,74280,set_tempo,1304347
0,74400,set_tempo,1333333
0,74640,set_tempo,1250000
0,74880,set_tempo,1276596
0,75360,set_tempo,1276596
0,75600,set_tempo,1200000
0,76080,set_tempo,1176471
0,76320,set_tempo,1250000
0,76920,set_tempo,1132076
0,77040,set_tempo,1176471
0,77160,set_tempo,1153846
0,77280,set_tempo,1153846
0,77520,set_tempo,1111111
0,77640,set_tempo,1200000
0,77760,set_tempo,1153846
0,77880,set_tempo,1276596
0,78000,set_tempo,1176471
0,78240,set_tempo,1250000
0,78480,set_tempo,1200000
0,78720,set_tempo,1132076
0,78960,set_tempo,1111111
0,79200,set_tempo,1153846
0,79380,set_tempo,1333333
0,79440,set_tempo,1250000
0,79680,set_tempo,1276596
0,79920,set_tempo,1363637
0,80160,set_tempo,1333333
0,80400,set_tempo,1428571
0,80640,set_tempo,1499999
0,80880,set_tempo,1304347
0,81120,set_tempo,1333333
0,81360,set_tempo,1395348
0,81600,set_tempo,1428571
0,81780,set_tempo,1304347
0,81870,set_tempo,1276596
0,81960,set_tempo,1250000
0,82050,set_tempo,1224489
0,82140,set_tempo,1363637
0,82230,set_tempo,1666667
0,82320,set_tempo,1250000
0,82560,set_tempo,1176471
0,82800,set_tempo,1250000
0,83040,set_tempo,1224489
0,83280,set_tempo,1395348
0,83520,set_tempo,1499999
0,83760,set_tempo,1200000
0,84000,set_tempo,1176471
0,84120,set_tempo,1250000
0,84240,set_tempo,1276596
0,84360,set_tempo,1200000
0,84480,set_tempo,1224489
0,84600,set_tempo,1176471
0,84720,set_tempo,1250000
0,84840,set_tempo,1176471
0,84960,set_tempo,1250000
0,85200,set_tempo,1200000
0,85440,set_tempo,1304347
0,85680,set_tempo,1276596
0,85920,set_tempo,1250000
0,86160,set_tempo,1111111
0,86400,set_tempo,1224489
0,86640,set_tempo,1153846
0,86880,set_tempo,1111111
0,87120,set_tempo,1176471
0,87360,set_tempo,1132076
0,87600,set_tempo,1176471
0,87840,set_tempo,1224489
0,88080,set_tempo,1276596
0,88320,set_tempo,1224489
0,88560,set_tempo,1304347
0,88800,set_tempo,1363637
0,89040,set_tempo,1463415
0,89280,set_tempo,1538462
0,89520,time_signature_numerator,28
0,89520,time_signature_denominator,8
0,89520,time_signature_clocks_per_click,24
0,89520,time_signature_notated_32nd_notes_per_beat,8
0,89520,set_tempo,1304347
0,89700,set_tempo,1153846
0,89880,set_tempo,1200000
0,90060,set_tempo,1111111
0,90240,set_tempo,1224489
0,90420,set_tempo,1090909
0,90600,set_tempo,1132076
0,90780,set_tempo,1224489
0,90960,set_tempo,1132076
0,92400,set_tempo,1333333
0,92520,set_tempo,1250000
0,92640,set_tempo,1111111
0,92880,set_tempo,1000000
0,93000,set_tempo,1071429
0,93120,set_tempo,952381
0,93240,set_tempo,1071429
0,93360,set_tempo,857140
0,93480,set_tempo,952381
0,93600,set_tempo,923080
0,93720,set_tempo,1000000
0,93840,set_tempo,750002
0,93960,set_tempo,821916
0,94080,set_tempo,714286
0,94200,set_tempo,800000
0,94320,set_tempo,666667
0,94440,set_tempo,714286
0,94560,set_tempo,638297
0,94680,set_tempo,697676
0,94800,set_tempo,599999
0,94920,set_tempo,652175
0,95040,set_tempo,560749
0,95160,set_tempo,599999
0,95280,set_tempo,500000
0,95400,set_tempo,535713
0,95520,set_tempo,476190
0,95640,set_tempo,508474
0,95760,set_tempo,461538
0,95880,set_tempo,491804
0,96000,set_tempo,444444
0,96120,set_tempo,413793
0,96240,time_signature_numerator,18
0,96240,time_signature_denominator,8
0,96240,time_signature_clocks_per_click,24
0,96240,time_signature_notated_32nd_notes_per_beat,8
0,96240,set_tempo,428572
0,96360,set_tempo,447762
0,96480,set_tempo,416667
0,96600,set_tempo,441176
0,96720,set_tempo,428572
0,97680,set_tempo,599999
0,97800,set_tempo,681817
0,97920,set_tempo,666667
0,98040,set_tempo,689655
0,98160,set_tempo,674159
0,98280,set_tempo,750002
0,98400,set_tempo,689655
0,98520,set_tempo,857140
0,98640,set_tempo,869565
0,98760,set_tempo,1016949
0,98880,set_tempo,952381
0,99000,set_tempo,1153846
0,99360,set_tempo,1333333
0,99480,set_tempo,1499999
0,99600,set_tempo,1363637
0,99840,set_tempo,1463415
0,100080,set_tempo,1621621
0,100320,set_tempo,2142856
0,100560,time_signature_numerator,12
0,100560,time_signature_denominator,8
0,100560,time_signature_clocks_per_click,24
0,100560,time_signature_notated_32nd_notes_per_beat,8
0,100560,set_tempo,1111111
0,100800,set_tempo,1176471
0,101280,set_tempo,1224489
0,101520,set_tempo,1176471
0,101760,set_tempo,1250000
0,102000,set_tempo,1200000
0,102240,set_tempo,1250000
0,102480,set_tempo,1395348
0,102720,set_tempo,1538462
0,102960,set_tempo,1666667
0,103200,set_tempo,1818182
0,103440,set_tempo,2000000
0,104160,set_tempo,2222222
0,106320,end_of_track,-
1,0,key_signature,Eb
1,0,midi_port,0
1,242,pedal,127
1,961,pedal,0
1,962,pedal,127
1,1681,pedal,0
1,1682,pedal,127
1,2401,pedal,0
1,2402,pedal,127
1,3121,pedal,0
1,3122,pedal,127
1,3841,pedal,0
1,3842,pedal,127
1,4561,pedal,0
1,4562,pedal,127
1,5281,pedal,0
1,5282,pedal,127
1,6001,pedal,0
1,6002,pedal,127
1,6721,pedal,0
1,6722,pedal,127
1,7441,pedal,0
1,7442,pedal,127
1,8161,pedal,0
1,8162,pedal,127
1,8881,pedal,0
1,8882,pedal,127
1,9601,pedal,0
1,9602,pedal,127
1,10321,pedal,0
1,10322,pedal,127
1,12481,pedal,0
1,12482,pedal,127
1,13201,pedal,0
1,13202,pedal,127
1,13921,pedal,0
1,13922,pedal,127
1,14641,pedal,0
1,14642,pedal,127
1,16081,pedal,0
1,16082,pedal,127
1,16801,pedal,0
1,16802,pedal,127
1,17521,pedal,0
1,17522,pedal,127
1,18241,pedal,0
1,18242,pedal,127
1,18961,pedal,0
1,18962,pedal,127
1,19681,pedal,0
1,19682,pedal,127
1,20401,pedal,0
1,20402,pedal,127
1,21121,pedal,0
1,21122,pedal,127
1,21841,pedal,0
1,21842,pedal,127
1,23281,pedal,0
1,23282,pedal,127
1,24721,pedal,0
1,24722,pedal,127
1,26161,pedal,0
1,26162,pedal,127
1,26881,pedal,0
1,26882,pedal,127
1,27601,pedal,0
1,27602,pedal,127
1,29041,pedal,0
1,29042,pedal,127
1,29761,pedal,0
1,29762,pedal,127
1,30481,pedal,0
1,30482,pedal,127
1,31201,pedal,0
1,31202,pedal,127
1,31921,pedal,0
1,31922,pedal,127
1,32641,pedal,0
1,32642,pedal,127
1,33361,pedal,0
1,34802,pedal,127
1,35521,pedal,0
1,35522,pedal,127
1,36241,pedal,0
1,36242,pedal,127
1,36961,pedal,0
1,36962,pedal,127
1,37681,pedal,0
1,37682,pedal,127
1,39121,pedal,0
1,39122,pedal,127
1,39841,pedal,0
1,39842,pedal,127
1,40561,pedal,0
1,40562,pedal,127
1,41281,pedal,0
1,41282,pedal,127
1,42001,pedal,0
1,42002,pedal,127
1,42721,pedal,0
1,42722,pedal,127
1,43441,pedal,0
1,43442,pedal,127
1,44161,pedal,0
1,44162,pedal,127
1,44881,pedal,0
1,44882,pedal,127
1,46321,pedal,0
1,46322,pedal,127
1,47761,pedal,0
1,47762,pedal,127
1,49201,pedal,0
1,49202,pedal,127
1,49921,pedal,0
1,49922,pedal,127
1,50641,pedal,0
1,50642,pedal,127
1,52081,pedal,0
1,52082,pedal,127
1,52801,pedal,0
1,52802,pedal,127
1,53521,pedal,0
1,53522,pedal,127
1,54241,pedal,0
1,54242,pedal,127
1,54961,pedal,0
1,54962,pedal,127
1,55681,pedal,0
1,55682,pedal,127
1,56401,pedal,0
1,57842,pedal,127
1,58561,pedal,0
1,58562,pedal,127
1,59281,pedal,0
1,59282,pedal,127
1,60001,pedal,0
1,60002,pedal,127
1,60721,pedal,0
1,60722,pedal,127
1,62161,pedal,0
1,62162,pedal,127
1,62881,pedal,0
1,62882,pedal,127
1,63601,pedal,0
1,63602,pedal,127
1,64321,pedal,0
1,64322,pedal,127
1,65041,pedal,0
1,65042,pedal,127
1,65761,pedal,0
1,65762,pedal,127
1,66481,pedal,0
1,66482,pedal,127
1,67201,pedal,0
1,67202,pedal,127
1,67921,pedal,0
1,67922,pedal,127
1,68641,pedal,0
1,68642,pedal,127
1,69361,pedal,0
1,69362,pedal,127
1,70801,pedal,0
1,70802,pedal,127
1,72241,pedal,0
1,72242,pedal,127
1,73681,pedal,0
1,73682,pedal,127
1,75121,pedal,0
1,75122,pedal,127
1,76561,pedal,0
1,76562,pedal,127
1,77281,pedal,0
1,77282,pedal,127
1,78001,pedal,0
1,78002,pedal,127
1,78721,pedal,0
1,78722,pedal,127
1,79441,pedal,0
1,79442,pedal,127
1,80881,pedal,0
1,80882,pedal,127
1,82321,pedal,0
1,83762,pedal,127
1,85201,pedal,0
1,85202,pedal,127
1,85921,pedal,0
1,85922,pedal,127
1,86641,pedal,0
1,86642,pedal,127
1,87361,pedal,0
1,87362,pedal,127
1,88081,pedal,0
1,88082,pedal,127
1,88801,pedal,0
1,88802,pedal,127
1,89521,pedal,0
1,89522,pedal,127
1,100561,pedal,0
1,100562,pedal,127
1,106320,pedal,0
1,106321,end_of_track,-
