﻿track,time,key,value
0,0,time_signature_numerator,4
0,0,time_signature_denominator,4
0,0,time_signature_clocks_per_click,24
0,0,time_signature_notated_32nd_notes_per_beat,8
0,0,key_signature,Gb
0,0,set_tempo,857143
0,0,midi_port,0
0,239,set_tempo,571429
0,240,set_tempo,800000
0,479,set_tempo,571429
0,480,set_tempo,742857
0,719,set_tempo,571429
0,720,set_tempo,685714
0,959,set_tempo,571429
0,960,set_tempo,699028
0,1199,set_tempo,582523
0,1920,set_tempo,800000
0,2159,set_tempo,571429
0,3120,set_tempo,685714
0,3359,set_tempo,571429
0,3360,set_tempo,685714
0,3599,set_tempo,571429
0,3600,set_tempo,685714
0,3839,set_tempo,571429
0,3840,set_tempo,800000
0,4079,set_tempo,571429
0,5760,set_tempo,839998
0,5999,set_tempo,599999
0,7680,set_tempo,742857
0,7919,set_tempo,571429
0,7920,set_tempo,742857
0,8159,set_tempo,571429
0,8160,set_tempo,742857
0,8399,set_tempo,571429
0,8400,set_tempo,577143
0,8639,set_tempo,571429
0,8880,set_tempo,457143
0,9119,set_tempo,571429
0,9840,set_tempo,742857
0,10079,set_tempo,571429
0,10080,set_tempo,742857
0,10319,set_tempo,571429
0,10320,set_tempo,742857
0,10559,set_tempo,571429
0,10560,set_tempo,742857
0,10799,set_tempo,571429
0,11520,set_tempo,685714
0,11759,set_tempo,571429
0,11760,set_tempo,742857
0,11999,set_tempo,571429
0,12000,set_tempo,685714
0,12959,set_tempo,571429
0,12960,set_tempo,666667
0,13920,set_tempo,750002
0,14880,set_tempo,857140
0,15360,set_tempo,571429
0,17440,set_tempo,852633
0,17599,set_tempo,631580
0,17600,set_tempo,726317
0,17759,set_tempo,631580
0,17760,set_tempo,694738
0,17919,set_tempo,631580
0,18080,set_tempo,947370
0,18239,set_tempo,631580
0,18240,set_tempo,947370
0,18960,set_tempo,1894741
0,19079,set_tempo,631580
0,19080,set_tempo,1257143
0,19199,set_tempo,947370
0,19200,set_tempo,666667
0,20160,set_tempo,571429
0,21120,set_tempo,800000
0,21359,set_tempo,571429
0,21600,set_tempo,857143
0,21695,set_tempo,571429
0,21696,set_tempo,742857
0,21791,set_tempo,571429
0,21792,set_tempo,514286
0,21887,set_tempo,571429
0,21888,set_tempo,514286
0,21983,set_tempo,571429
0,21984,set_tempo,400000
0,22079,set_tempo,571429
0,22080,set_tempo,685714
0,22799,set_tempo,571429
0,22800,set_tempo,857143
0,23039,set_tempo,571429
0,23040,set_tempo,742857
0,23279,set_tempo,571429
0,23280,set_tempo,685714
0,23519,set_tempo,571429
0,23520,set_tempo,685714
0,23759,set_tempo,571429
0,23760,set_tempo,542857
0,23879,set_tempo,571429
0,23880,set_tempo,742857
0,23999,set_tempo,571429
0,24240,set_tempo,457143
0,24479,set_tempo,571429
0,24960,set_tempo,631580
0,25920,set_tempo,705881
0,26880,set_tempo,571429
0,28800,set_tempo,705881
0,29040,set_tempo,1411761
0,29159,set_tempo,705881
0,29280,set_tempo,800000
0,30240,set_tempo,923080
0,30720,set_tempo,571429
0,31680,set_tempo,742857
0,31919,set_tempo,571429
0,33120,set_tempo,685714
0,33360,set_tempo,768000
0,33599,set_tempo,571429
0,34080,set_tempo,514286
0,34559,set_tempo,571429
0,34560,set_tempo,584072
0,34799,set_tempo,530974
0,35520,set_tempo,599999
0,35759,set_tempo,461538
0,36480,set_tempo,571429
0,37440,set_tempo,742857
0,38159,set_tempo,571429
0,38160,set_tempo,1142857
0,38399,set_tempo,571429
0,38400,set_tempo,553845
0,38639,set_tempo,461538
0,39360,set_tempo,646153
0,39599,set_tempo,461538
0,40320,set_tempo,500000
0,40800,set_tempo,600000
0,41040,set_tempo,510000
0,41279,set_tempo,500000
0,41760,set_tempo,429230
0,42000,set_tempo,472153
0,42239,set_tempo,461538
0,42240,set_tempo,646153
0,42479,set_tempo,461538
0,43200,set_tempo,428572
0,44160,set_tempo,461538
0,44800,set_tempo,507692
0,44959,set_tempo,461538
0,44960,set_tempo,530768
0,45119,set_tempo,461538
0,45120,set_tempo,600001
0,45359,set_tempo,428572
0,45840,set_tempo,642858
0,46079,set_tempo,428572
0,46560,set_tempo,387097
0,48000,set_tempo,646153
0,48239,set_tempo,461538
0,49920,set_tempo,553845
0,50399,set_tempo,461538
0,50400,set_tempo,586465
0,50559,set_tempo,451127
0,50880,set_tempo,461538
0,53760,set_tempo,553845
0,54239,set_tempo,461538
0,54240,set_tempo,557746
0,54399,set_tempo,422535
0,54720,set_tempo,461538
0,55680,set_tempo,476190
0,57120,set_tempo,523810
0,57599,set_tempo,476190
0,57600,set_tempo,571429
0,58559,set_tempo,476190
0,58560,set_tempo,523810
0,59519,set_tempo,476190
0,59520,set_tempo,500000
0,60000,set_tempo,825000
0,60159,set_tempo,500000
0,60160,set_tempo,400000
0,60319,set_tempo,500000
0,60320,set_tempo,400000
0,60479,set_tempo,500000
0,60480,set_tempo,700000
0,61199,set_tempo,500000
0,61200,set_tempo,800000
0,61439,set_tempo,500000
0,61440,set_tempo,550000
0,62399,set_tempo,500000
0,62400,set_tempo,521738
0,63360,set_tempo,571429
0,63840,set_tempo,1257143
0,63935,set_tempo,571429
0,64128,set_tempo,514286
0,64223,set_tempo,571429
0,64224,set_tempo,514286
0,64319,set_tempo,571429
0,65280,set_tempo,800000
0,65519,set_tempo,571429
0,65520,set_tempo,628571
0,65999,set_tempo,571429
0,66000,set_tempo,914286
0,66119,set_tempo,571429
0,66120,set_tempo,514286
0,66239,set_tempo,571429
0,66240,set_tempo,628571
0,67199,set_tempo,571429
0,67440,set_tempo,599999
0,69360,set_tempo,705881
0,70560,set_tempo,800000
0,71520,set_tempo,923080
0,72480,set_tempo,1090909
0,72800,set_tempo,1200000
0,72959,set_tempo,1090909
0,72960,set_tempo,800000
0,73199,set_tempo,571429
0,73200,set_tempo,685714
0,73439,set_tempo,571429
0,73440,set_tempo,628571
0,73679,set_tempo,571429
0,76320,set_tempo,800000
0,76559,set_tempo,571429
0,76560,set_tempo,800000
0,76799,set_tempo,571429
0,76800,set_tempo,726315
0,77039,set_tempo,315789
0,77040,set_tempo,631578
0,77279,set_tempo,315789
0,77280,set_tempo,505263
0,77519,set_tempo,315789
0,77520,set_tempo,505263
0,77759,set_tempo,315789
0,77760,set_tempo,442105
0,77999,set_tempo,315789
0,78000,set_tempo,410526
0,78239,set_tempo,315789
0,78240,set_tempo,378947
0,78479,set_tempo,315789
0,78480,set_tempo,347368
0,78719,set_tempo,315789
0,79680,set_tempo,410526
0,79919,set_tempo,315789
0,80160,set_tempo,410526
0,80399,set_tempo,315789
0,80640,set_tempo,410526
0,80879,set_tempo,315789
0,81600,set_tempo,505263
0,81839,set_tempo,315789
0,81840,set_tempo,442105
0,82079,set_tempo,315789
0,82800,set_tempo,410526
0,83039,set_tempo,315789
0,84480,set_tempo,473684
0,84719,set_tempo,315789
0,84720,set_tempo,410526
0,84959,set_tempo,315789
0,84960,set_tempo,410526
0,85199,set_tempo,315789
0,85200,set_tempo,347368
0,85439,set_tempo,315789
0,85440,set_tempo,410526
0,85679,set_tempo,315789
0,86400,set_tempo,410526
0,86639,set_tempo,315789
0,86640,set_tempo,347368
0,86879,set_tempo,315789
0,86880,set_tempo,410526
0,87119,set_tempo,315789
0,87120,set_tempo,378947
0,87359,set_tempo,315789
0,87360,set_tempo,631578
0,87599,set_tempo,315789
0,87600,set_tempo,505263
0,87839,set_tempo,315789
0,87840,set_tempo,726315
0,88079,set_tempo,315789
0,88080,set_tempo,631578
0,88319,set_tempo,315789
0,88320,set_tempo,726315
0,88559,set_tempo,315789
0,88560,set_tempo,631578
0,88799,set_tempo,315789
0,88800,set_tempo,442105
0,89039,set_tempo,315789
0,89040,set_tempo,442105
0,89279,set_tempo,315789
0,89280,set_tempo,442105
0,89519,set_tempo,315789
0,89520,set_tempo,410526
0,89759,set_tempo,315789
0,89760,set_tempo,378947
0,89999,set_tempo,315789
0,90000,set_tempo,347368
0,90239,set_tempo,315789
0,90240,set_tempo,300000
0,91200,set_tempo,420000
0,91439,set_tempo,300000
0,91680,set_tempo,420000
0,91919,set_tempo,300000
0,92160,set_tempo,371429
0,92399,set_tempo,285714
0,93120,set_tempo,436363
0,93359,set_tempo,272727
0,93600,set_tempo,285714
0,94320,set_tempo,371429
0,94559,set_tempo,285714
0,95040,set_tempo,300000
0,96000,set_tempo,450000
0,96239,set_tempo,300000
0,96240,set_tempo,390000
0,96479,set_tempo,300000
0,96480,set_tempo,390000
0,96719,set_tempo,300000
0,96720,set_tempo,330000
0,96959,set_tempo,300000
0,96960,set_tempo,390000
0,97199,set_tempo,300000
0,97920,set_tempo,315789
0,98400,set_tempo,410526
0,98639,set_tempo,315789
0,98880,set_tempo,487499
0,99119,set_tempo,375000
0,99360,set_tempo,562499
0,99599,set_tempo,375000
0,99600,set_tempo,487499
0,99839,set_tempo,375000
0,99840,set_tempo,784614
0,100079,set_tempo,461538
0,100080,set_tempo,692307
0,100319,set_tempo,461538
0,100320,set_tempo,876922
0,100559,set_tempo,461538
0,100560,set_tempo,692307
0,100799,set_tempo,461538
0,100800,set_tempo,566667
0,101039,set_tempo,333333
0,101280,set_tempo,433333
0,101519,set_tempo,333333
0,101760,set_tempo,566667
0,101999,set_tempo,333333
0,102240,set_tempo,366667
0,102479,set_tempo,333333
0,102720,set_tempo,533333
0,102959,set_tempo,333333
0,102960,set_tempo,533333
0,103199,set_tempo,333333
0,103200,set_tempo,500000
0,103439,set_tempo,333333
0,103440,set_tempo,433333
0,103679,set_tempo,333333
0,103680,set_tempo,450000
0,104160,set_tempo,720000
0,104399,set_tempo,333333
0,104400,set_tempo,733333
0,104639,set_tempo,333333
0,104640,set_tempo,466667
0,104959,set_tempo,333333
0,104960,set_tempo,366667
0,105279,set_tempo,333333
0,105280,set_tempo,383333
0,105599,set_tempo,333333
0,105600,set_tempo,433333
0,106079,set_tempo,333333
0,106080,set_tempo,466667
0,106559,set_tempo,333333
0,106560,set_tempo,433333
0,107279,set_tempo,333333
0,107280,set_tempo,566667
0,107519,set_tempo,333333
0,107520,set_tempo,566667
0,107759,set_tempo,333333
0,109440,set_tempo,566667
0,109679,set_tempo,333333
0,109680,set_tempo,433333
0,109919,set_tempo,333333
0,109920,set_tempo,433333
0,110159,set_tempo,333333
0,110160,set_tempo,433333
0,110399,set_tempo,333333
0,110400,set_tempo,566667
0,110719,set_tempo,333333
0,110720,set_tempo,283333
0,111039,set_tempo,333333
0,111040,set_tempo,450000
0,111359,set_tempo,333333
0,111360,set_tempo,400000
0,111840,set_tempo,520000
0,112079,set_tempo,333333
0,112080,set_tempo,666667
0,112319,set_tempo,333333
0,112320,set_tempo,433333
0,112639,set_tempo,333333
0,112640,set_tempo,366667
0,112959,set_tempo,333333
0,112960,set_tempo,383333
0,113279,set_tempo,333333
0,113280,set_tempo,433333
0,113759,set_tempo,333333
0,113760,set_tempo,433333
0,114239,set_tempo,333333
0,114240,set_tempo,733333
0,114959,set_tempo,333333
0,114960,set_tempo,566667
0,115199,set_tempo,333333
0,115200,set_tempo,566667
0,115439,set_tempo,333333
0,115440,set_tempo,329671
0,117120,set_tempo,560440
0,117359,set_tempo,329671
0,118080,set_tempo,510990
0,118399,set_tempo,329671
0,119040,set_tempo,560440
0,119279,set_tempo,329671
0,120000,set_tempo,442105
0,120319,set_tempo,315789
0,120320,set_tempo,347368
0,120639,set_tempo,315789
0,120960,set_tempo,410526
0,121439,set_tempo,315789
0,121440,set_tempo,272727
0,121920,set_tempo,354545
0,122239,set_tempo,272727
0,122880,set_tempo,354545
0,123359,set_tempo,272727
0,123840,set_tempo,354545
0,124079,set_tempo,272727
0,124320,set_tempo,245454
0,124559,set_tempo,272727
0,124560,set_tempo,218182
0,124799,set_tempo,272727
0,127680,set_tempo,327272
0,127999,set_tempo,272727
0,128640,set_tempo,300000
0,129119,set_tempo,272727
0,129120,set_tempo,300000
0,129599,set_tempo,272727
0,129600,set_tempo,354545
0,130079,set_tempo,272727
0,130080,set_tempo,354545
0,130559,set_tempo,272727
0,130560,set_tempo,300000
0,130879,set_tempo,272727
0,130880,set_tempo,300000
0,131199,set_tempo,272727
0,131520,set_tempo,327272
0,131711,set_tempo,272727
0,131712,set_tempo,300000
0,131903,set_tempo,272727
0,131904,set_tempo,300000
0,132095,set_tempo,272727
0,132096,set_tempo,300000
0,132287,set_tempo,272727
0,132288,set_tempo,300000
0,132479,set_tempo,272727
0,132480,set_tempo,394736
0,132959,set_tempo,315789
0,132960,set_tempo,394736
0,133439,set_tempo,315789
0,136080,set_tempo,394736
0,136319,set_tempo,315789
0,138720,set_tempo,285714
0,141120,set_tempo,257143
0,141839,set_tempo,285714
0,144960,set_tempo,250000
0,145600,set_tempo,325000
0,145919,set_tempo,250000
0,146560,set_tempo,325000
0,146879,set_tempo,250000
0,147680,set_tempo,437500
0,147839,set_tempo,250000
0,147840,set_tempo,333333
0,149280,set_tempo,375000
0,151200,set_tempo,428572
0,153120,set_tempo,500000
0,155040,set_tempo,599999
0,156160,set_tempo,750002
0,156480,set_tempo,1200003
0,156960,set_tempo,1920005
0,157439,set_tempo,750002
0,157440,time_signature_numerator,29
0,157440,time_signature_denominator,4
0,157440,time_signature_clocks_per_click,24
0,157440,time_signature_notated_32nd_notes_per_beat,8
0,157440,set_tempo,400000
0,158400,set_tempo,600000
0,158879,set_tempo,400000
0,159360,set_tempo,560000
0,160319,set_tempo,400000
0,160320,set_tempo,560000
0,161279,set_tempo,400000
0,162240,set_tempo,600000
0,162719,set_tempo,400000
0,162720,set_tempo,600000
0,163199,set_tempo,400000
0,163200,set_tempo,480000
0,163679,set_tempo,400000
0,163680,set_tempo,560000
0,164639,set_tempo,400000
0,164640,set_tempo,640000
0,165599,set_tempo,400000
0,166560,set_tempo,520000
0,167039,set_tempo,400000
0,167040,set_tempo,440000
0,167519,set_tempo,400000
0,167520,set_tempo,540000
0,167999,set_tempo,400000
0,168000,set_tempo,580000
0,168479,set_tempo,400000
0,168480,set_tempo,560000
0,168959,set_tempo,400000
0,168960,set_tempo,660000
0,169439,set_tempo,400000
0,169440,set_tempo,600000
0,170879,set_tempo,400000
0,170880,set_tempo,520000
0,171359,set_tempo,400000
0,171360,time_signature_numerator,4
0,171360,time_signature_denominator,4
0,171360,time_signature_clocks_per_click,24
0,171360,time_signature_notated_32nd_notes_per_beat,8
0,171360,set_tempo,647059
0,172319,set_tempo,588235
0,173280,set_tempo,823529
0,173759,set_tempo,588235
0,173760,set_tempo,941176
0,173855,set_tempo,588235
0,174048,set_tempo,529412
0,174143,set_tempo,588235
0,174144,set_tempo,529412
0,174239,set_tempo,588235
0,174240,set_tempo,764706
0,174480,set_tempo,688235
0,174719,set_tempo,764706
0,174720,set_tempo,688235
0,174959,set_tempo,588235
0,174960,set_tempo,823529
0,175199,set_tempo,588235
0,175200,set_tempo,823529
0,175439,set_tempo,588235
0,175440,set_tempo,670588
0,175919,set_tempo,588235
0,175920,set_tempo,482353
0,176039,set_tempo,588235
0,176040,set_tempo,670588
0,176159,set_tempo,588235
0,176160,set_tempo,617647
0,177119,set_tempo,588235
0,177120,set_tempo,647059
0,177359,set_tempo,588235
0,177360,set_tempo,617647
0,177839,set_tempo,588235
0,177840,set_tempo,705882
0,178079,set_tempo,588235
0,178080,set_tempo,647059
0,179039,set_tempo,588235
0,179040,set_tempo,823529
0,179279,set_tempo,588235
0,179280,set_tempo,764706
0,179399,set_tempo,588235
0,179400,set_tempo,705882
0,179519,set_tempo,588235
0,179520,set_tempo,705882
0,180479,set_tempo,588235
0,180480,set_tempo,800000
0,181440,set_tempo,923080
0,182880,set_tempo,800000
0,183120,set_tempo,1000000
0,183359,set_tempo,666667
0,183840,set_tempo,571429
0,185280,set_tempo,428572
0,189120,set_tempo,557144
0,189599,set_tempo,428572
0,191040,set_tempo,557144
0,191199,set_tempo,428572
0,191200,set_tempo,514286
0,191359,set_tempo,428572
0,191360,set_tempo,514286
0,191519,set_tempo,428572
0,191520,set_tempo,514286
0,192479,set_tempo,428572
0,192720,set_tempo,571429
0,194400,set_tempo,631580
0,195840,set_tempo,705881
0,196800,set_tempo,800000
0,197280,set_tempo,923080
0,197760,set_tempo,1090909
0,197920,set_tempo,981818
0,198079,set_tempo,1090909
0,198080,set_tempo,927272
0,198239,set_tempo,1090909
0,198240,set_tempo,571429
0,200320,set_tempo,771429
0,200479,set_tempo,571429
0,200480,set_tempo,657143
0,200639,set_tempo,571429
0,200640,set_tempo,628571
0,200799,set_tempo,571429
0,200960,set_tempo,857143
0,201119,set_tempo,571429
0,201840,set_tempo,914286
0,202079,set_tempo,571429
0,202080,set_tempo,579310
0,202319,set_tempo,413793
0,202320,set_tempo,537930
0,202559,set_tempo,413793
0,202560,set_tempo,496551
0,202799,set_tempo,413793
0,204160,set_tempo,558620
0,204319,set_tempo,413793
0,204320,set_tempo,475861
0,204479,set_tempo,413793
0,204480,set_tempo,455172
0,204639,set_tempo,413793
0,204800,set_tempo,620689
0,204959,set_tempo,413793
0,205680,set_tempo,662068
0,205919,set_tempo,413793
0,205920,set_tempo,579310
0,206159,set_tempo,413793
0,206160,set_tempo,496551
0,206399,set_tempo,413793
0,206400,set_tempo,455172
0,206639,set_tempo,413793
0,206640,set_tempo,455172
0,206879,set_tempo,413793
0,208320,set_tempo,455172
0,208559,set_tempo,413793
0,208560,set_tempo,496551
0,208799,set_tempo,413793
0,208800,set_tempo,546206
0,209039,set_tempo,413793
0,209040,set_tempo,587585
0,209279,set_tempo,413793
0,209280,set_tempo,628965
0,209519,set_tempo,413793
0,209520,set_tempo,719999
0,209759,set_tempo,413793
0,209760,time_signature_numerator,6
0,209760,time_signature_denominator,4
0,209760,time_signature_clocks_per_click,24
0,209760,time_signature_notated_32nd_notes_per_beat,8
0,209760,set_tempo,537930
0,209999,set_tempo,413793
0,210000,set_tempo,496551
0,210239,set_tempo,413793
0,211200,set_tempo,460000
0,211439,set_tempo,400000
0,211440,set_tempo,420000
0,211679,set_tempo,400000
0,212640,time_signature_numerator,4
0,212640,time_signature_denominator,4
0,212640,time_signature_clocks_per_click,24
0,212640,time_signature_notated_32nd_notes_per_beat,8
0,212640,set_tempo,460000
0,213599,set_tempo,400000
0,213600,set_tempo,413793
0,214560,set_tempo,1090909
0,215040,set_tempo,1636363
0,215399,set_tempo,1090909
0,215400,set_tempo,763636
0,215519,set_tempo,1090909
0,215520,set_tempo,2181817
0,216479,set_tempo,1090909
0,216480,end_of_track,-
1,0,key_signature,Gb
1,0,midi_port,0
1,2,pedal,127
1,1921,pedal,0
1,1922,pedal,127
1,3841,pedal,0
1,3842,pedal,127
1,5761,pedal,0
1,5762,pedal,127
1,7681,pedal,0
1,7682,pedal,127
1,9601,pedal,0
1,9602,pedal,127
1,11521,pedal,0
1,11522,pedal,127
1,13441,pedal,0
1,13442,pedal,127
1,15361,pedal,0
1,15362,pedal,127
1,17281,pedal,0
1,17282,pedal,127
1,19201,pedal,0
1,19202,pedal,127
1,21121,pedal,0
1,21122,pedal,127
1,23041,pedal,0
1,23042,pedal,127
1,24961,pedal,0
1,24962,pedal,127
1,26881,pedal,0
1,26882,pedal,127
1,28801,pedal,0
1,28802,pedal,127
1,30721,pedal,0
1,30722,pedal,127
1,32641,pedal,0
1,32642,pedal,127
1,34561,pedal,0
1,34562,pedal,127
1,36481,pedal,0
1,36482,pedal,127
1,38401,pedal,0
1,38402,pedal,127
1,40321,pedal,0
1,40322,pedal,127
1,42241,pedal,0
1,42242,pedal,127
1,44161,pedal,0
1,44162,pedal,127
1,46081,pedal,0
1,46082,pedal,127
1,48001,pedal,0
1,48002,pedal,127
1,49921,pedal,0
1,49922,pedal,127
1,51841,pedal,0
1,51842,pedal,127
1,53761,pedal,0
1,53762,pedal,127
1,55681,pedal,0
1,55682,pedal,127
1,57601,pedal,0
1,57602,pedal,127
1,59521,pedal,0
1,59522,pedal,127
1,61441,pedal,0
1,61442,pedal,127
1,63361,pedal,0
1,63362,pedal,127
1,65281,pedal,0
1,65282,pedal,127
1,67201,pedal,0
1,67202,pedal,127
1,69121,pedal,0
1,69122,pedal,127
1,71041,pedal,0
1,71042,pedal,127
1,72961,pedal,0
1,72962,pedal,127
1,74881,pedal,0
1,74882,pedal,127
1,76801,pedal,0
1,76802,pedal,127
1,80161,pedal,0
1,82562,pedal,127
1,84001,pedal,0
1,88322,pedal,127
1,91681,pedal,0
1,94082,pedal,127
1,95521,pedal,0
1,101762,pedal,127
1,103681,pedal,0
1,103682,pedal,127
1,104641,pedal,0
1,107522,pedal,127
1,109441,pedal,0
1,109442,pedal,127
1,111361,pedal,0
1,111362,pedal,127
1,112321,pedal,0
1,114242,pedal,127
1,115201,pedal,0
1,115202,pedal,127
1,117121,pedal,0
1,117122,pedal,127
1,119041,pedal,0
1,119042,pedal,127
1,120001,pedal,0
1,120002,pedal,127
1,120961,pedal,0
1,120962,pedal,127
1,121921,pedal,0
1,121922,pedal,127
1,122881,pedal,0
1,122882,pedal,127
1,123841,pedal,0
1,123842,pedal,127
1,124801,pedal,0
1,124802,pedal,127
1,125761,pedal,0
1,125762,pedal,127
1,126721,pedal,0
1,126722,pedal,127
1,127681,pedal,0
1,127682,pedal,127
1,128641,pedal,0
1,128642,pedal,127
1,129601,pedal,0
1,129602,pedal,127
1,130561,pedal,0
1,130562,pedal,127
1,131521,pedal,0
1,131522,pedal,127
1,132481,pedal,0
1,132482,pedal,127
1,136321,pedal,0
1,136322,pedal,127
1,138241,pedal,0
1,138242,pedal,127
1,142081,pedal,0
1,142082,pedal,127
1,144001,pedal,0
1,144002,pedal,127
1,147841,pedal,0
1,147842,pedal,127
1,149761,pedal,0
1,149762,pedal,127
1,151681,pedal,0
1,151682,pedal,127
1,153601,pedal,0
1,153602,pedal,127
1,155521,pedal,0
1,155522,pedal,127
1,157441,pedal,0
1,158402,pedal,127
1,161281,pedal,0
1,162242,pedal,127
1,165601,pedal,0
1,166562,pedal,127
1,171361,pedal,0
1,171362,pedal,127
1,173281,pedal,0
1,173282,pedal,127
1,175201,pedal,0
1,175202,pedal,127
1,177121,pedal,0
1,177122,pedal,127
1,179041,pedal,0
1,179042,pedal,127
1,180961,pedal,0
1,180962,pedal,127
1,182881,pedal,0
1,182882,pedal,127
1,184801,pedal,0
1,184802,pedal,127
1,186721,pedal,0
1,186722,pedal,127
1,188641,pedal,0
1,188642,pedal,127
1,190561,pedal,0
1,190562,pedal,127
1,192481,pedal,0
1,192482,pedal,127
1,194401,pedal,0
1,194402,pedal,127
1,196321,pedal,0
1,196322,pedal,127
1,198241,pedal,0
1,198242,pedal,127
1,200161,pedal,0
1,200162,pedal,127
1,202081,pedal,0
1,202082,pedal,127
1,204001,pedal,0
1,204002,pedal,127
1,205921,pedal,0
1,205922,pedal,127
1,207841,pedal,0
1,207842,pedal,127
1,209761,pedal,0
1,209762,pedal,127
1,210721,pedal,0
1,210722,pedal,127
1,211201,pedal,0
1,211202,pedal,127
1,212161,pedal,0
1,212162,pedal,127
1,212641,pedal,0
1,212642,pedal,127
1,213601,pedal,0
1,214562,pedal,127
1,216480,pedal,0
1,216481,end_of_track,-
