﻿track,time,key,value
0,0,time_signature_numerator,1
0,0,time_signature_denominator,4
0,0,time_signature_clocks_per_click,24
0,0,time_signature_notated_32nd_notes_per_beat,8
0,0,key_signature,E
0,0,set_tempo,340909
0,0,midi_port,0
0,480,time_signature_numerator,4
0,480,time_signature_denominator,4
0,480,time_signature_clocks_per_click,24
0,480,time_signature_notated_32nd_notes_per_beat,8
0,38880,key_signature,Ab
0,50400,key_signature,E
0,156000,set_tempo,681817
0,157920,end_of_track,-
1,0,key_signature,E
1,0,midi_port,0
1,38880,key_signature,Ab
1,50400,key_signature,E
1,150242,pedal,127
1,156001,pedal,0
1,157920,end_of_track,-
